"","observado","esperado_M1","esperado_M2","esperado_M2","modelo_1_OE","modelo_2_OE","modelo_3_OE","A","C","G","T","tamanio","GC"
"Acaryochloris_marina_MBIC11017",2382,98.5030379948051,73.7355823489801,100.156891546786,24.1819952814615,32.304620430423,23.7826869745383,2219899,1969435,1956828,2215436,8361599,46.9558872651032
"Acaryochloris_marina_S15",2134,82.4885669284348,59.3266457167206,78.5860786746075,25.8702518356442,35.9703464475247,27.1549368029421,1897520,1665606,1661909,1887737,7112772,46.7822531075086
"Allocoleopsis_franciscana_PCC_7113",5745,87.6959381324267,74.4159987605597,111.19367492504,65.510445778283,77.2011408257123,51.6666078702132,2140709,1842846,1838745,2144210,7966510,46.2133481286034
"Anabaena_cylindrica_PCC_7122",3714,35.2176104545284,20.960731563729,31.7711804733702,105.458603013267,177.188472105945,116.898394855457,2165259,1369757,1370133,2158136,7063285,38.7905910635066
"Anabaena_sp._90",2044,24.2794345487044,14.0347999760811,19.9217466904154,84.1864746026005,145.637985826908,102.601445132489,1645866,1009149,1012130,1638530,5305675,38.096547564636
"Anabaena_sp._WA102",2560,27.4000706164863,14.8887454680458,21.9168188221848,93.4304161413248,171.941954780157,116.805272734595,1778374,1107963,1111012,1784685,5782034,38.3770659252436
"Anabaena_sp._YBS01",5673,47.5405108816649,31.45807197843,56.1088056738407,119.32980724841,180.335273054554,101.10712448554,2054623,1455723,1450069,2052785,7013200,41.4331831403639
"Anthocerotibacter_panamensis_C109",23,94.7038222220776,72.3886603094491,98.4104711476689,0.242862425827605,0.317729322544152,0.233714966829978,928823,1158775,1165697,934502,4187797,55.5058423318991
"Aphanizomenon_flos-aquae_DEX188",1387,18.2011160405791,9.38856617914162,12.4332044070806,76.2041183028397,147.732888444827,111.556116555931,1433501,840741,841221,1422615,4538078,37.063311824962
"Aphanizomenon_flos-aquae_KM1D3_PB",2754,28.8004315473419,15.4560803119586,23.4596128275083,95.6235671494365,178.18230394864,117.393241749101,1871045,1169883,1160633,1869761,6071322,38.3856431927017
"Arthrospira_sp._PCC_9108",7747,61.6349207092198,39.7988403571649,80.297067456395,125.691733044465,194.653912789329,96.4792394716902,1881535,1503924,1489022,1889483,6763964,44.2484022682557
"Calothrix_sp._336_3",6202,41.9212623089066,25.5313600645076,42.8352992629938,147.944018343225,242.916945447873,144.787128996622,1888622,1320097,1318378,1893029,6420126,41.0969348576648
"Calothrix_sp._NIES-2098",8717,58.5441640437856,58.0713860953357,119.168454277355,148.896139220307,150.108350878509,73.1485530534102,2607797,1829739,1826867,2614225,8878628,41.1843586644243
"Calothrix_sp._NIES-3974",5328,40.9959961288755,25.8131465413677,43.9980752663853,129.963911189055,206.406452288234,121.096206316793,1752542,1241704,1244003,1747626,5985875,41.5262096184768
"Calothrix_sp._NIES-4071",125,61.633506702315,63.1920781352589,100.619978955737,2.0281176049862,1.97809604761605,1.24229801374723,3668719,2347242,2352093,3681220,12049274,39.0009804740103
"Calothrix_sp._NIES-4101",5938,41.9801018677516,38.7954612616837,69.7679744046504,141.447965483892,153.059141633783,85.1106836721377,2293597,1502536,1506255,2284447,7586835,39.6580524026158
"Calothrix_sp._PCC_6303",4769,39.1489891165978,26.8645516248975,48.7328513059609,121.816683076961,177.520178508403,97.8600650731196,2095340,1387516,1382502,2095034,6960392,39.7968677626203
"Calothrix_sp._PCC_7507",6456,52.0265198172078,38.9315127730961,73.965850029554,124.090560404247,165.829672163715,87.2835233749145,2028932,1485649,1481460,2027174,7023215,42.2471617343339
"Calothrix_sp._PCC_7716",66,59.1353657001975,56.4346135518111,84.4441453046749,1.11608339981534,1.16949502878065,0.781581716078381,3817922,2374478,2380643,3794023,12367066,38.4498716187008
"Candidatus_Atelocyanobacterium_thalassa_isolate_ALOHA",37,2.42887146622343,1.42142797872635,1.27133775354643,15.233412107035,26.0301616077329,29.1032024312875,499935,223315,225951,494605,1443806,31.1167843879302
"Candidatus_Melainabacteria_bacterium",69,46.6878190913954,83.3026287893007,110.669001344637,1.47790154568854,0.828305192799177,0.623480822648121,1400578,1117410,1120298,1399624,5037910,44.4173873689685
"Candidatus_Melainabacteria_bacterium_MEL.A1",2,4.19464089914546,4.26548409997713,2.83934302385155,0.476798860280851,0.46887995667613,0.704388297996841,620202,308158,307080,631896,1867336,32.9473645878406
"Candidatus_Paraprochloron_terpiosi_LD05",1128,35.8804658145006,18.3359740033915,22.2373440851625,31.4377189480114,61.5184118275559,50.7254821295246,1066792,851291,857474,1064239,3839796,44.5014526813404
"Chondrocystis_sp._NIES-4102",4604,18.935666529298,14.1577385081428,36.4122803618904,243.139051528845,325.193179500527,126.440858804839,1579848,915636,916394,1590642,5002520,36.6221424402101
"Chroococcidiopsis_thermalis_PCC_7203",10056,62.3447859614662,91.5070901492764,192.889370196695,161.296567867205,109.893123949145,52.1335104663653,1857038,1490738,1484352,1857273,6689401,44.4746846541267
"Crinalium_epipsammum_PCC_9333",5093,32.9876451022754,27.373795750778,58.479116411732,154.391135960436,186.053846765305,87.0909191606434,1682950,1135868,1121435,1680154,5620407,40.1626252333683
"Crocosphaera_subtropica_ATCC_51142",2589,24.5070390700928,13.4843982742756,16.7262133186466,105.64311717116,191.999668605093,154.786977224172,1698570,1034562,1037211,1690034,5460377,37.9419406388973
"Cyanobacterium_aponinum_PCC_10605",2223,12.5502143154863,7.06068983956711,10.687102928383,177.128449293247,314.84175774761,208.007728090287,1357200,731481,727595,1360697,4176973,34.9314204329307
"Cyanobacterium_sp._HL-69",2053,14.2790164922697,6.46290284404957,12.3232390115893,143.77740939731,317.659115344772,166.595811220513,929262,467047,466632,931377,2794318,33.4134840773312
"Cyanobium_gracile_PCC_6307",336,134.487614194483,171.2892602668,319.359193352333,2.49837133339365,1.96159408638141,1.0521068658553,998535,512859,512062,996853,3020309,33.9343093703326
"Cyanobium_sp._M30B3",395,124.993411503477,137.324427105705,333.778173412188,3.16016656597145,2.87640013015274,1.18342070112598,1034169,617186,624488,1021102,3296945,37.6613501286797
"Cyanobium_sp._NIES-981",335,121.28006285751,144.23788830667,285.179538852694,2.76220173462134,2.32255202799241,1.17469858233076,527179,1150343,1146101,518741,3342364,68.7071785119754
"Cyanobium_sp._NS01",315,108.475999974302,117.383746943019,273.517754772581,2.90386813741863,2.68350609180083,1.15166198355902,514717,1081483,1073637,510459,3180296,67.7647615190536
"Cylindrospermopsis_curvispora_GIHE-G1",1765,23.6088557097259,6.57501214483017,9.55460248237234,74.760082475022,268.440568796179,184.727727109141,482925,1040867,1032406,465347,3021545,68.6163204585733
"Cylindrospermopsis_raciborskii_N8",1713,22.5492666829791,6.25640261526007,9.28613342556944,75.9669936979826,273.799514727808,184.468596507912,439261,938354,928464,442008,2748087,67.9315465631183
"Dactylococcopsis_salina_PCC_8305",1608,28.5875187332683,28.2091782384393,71.5345513561899,56.2483234380434,57.0027239506344,22.4786480031633,1211935,813821,812616,1218838,4057210,40.0875724943989
"Dolichospermum_flos-aquae_CCAP_1403_13F",2051,24.043225343337,14.0436881316314,20.0894811955199,85.3046948032864,146.044257090872,102.093228791662,1153866,772348,775441,1155519,3857174,40.1275389702409
"Dolichospermum_sp._DET69",2216,26.6421120184837,14.5541044091012,20.7169885404986,83.176588945448,152.259454632898,106.965353370161,1092085,803512,801086,1084325,3781008,42.438365642178
"Dolichospermum_sp._DL01",1837,22.3467232167018,12.8917943822866,18.0126099452125,82.2044459129934,142.493740244884,101.984110330899,1617601,994874,996684,1611525,5220684,38.147453475445
"Dolichospermum_sp._LBC05a",1973,24.0444926853164,13.7761565583484,19.4388025546885,82.0562124483864,143.218465298607,101.498021519033,1874998,1140719,1142685,1881655,6040057,37.8043452238944
"Dolichospermum_sp._UHCC_0315A",2121,26.0191114269646,15.0895464412235,21.4201913341123,81.5170036053549,140.560884865671,99.018723358565,1495865,922613,920858,1487896,4827232,38.1889869805305
"Dolichospermum_sp._UKL201",2007,24.5300862936102,14.391593153674,20.2557093334794,81.8178939926029,139.456415878991,99.0831753634396,1603456,988717,990165,1596253,5178591,38.2127493752644
"Euhalothece_natronophila_Z-M001",2196,22.7708157379641,17.5483533827512,31.7962394328435,96.4392328000253,125.139946301658,69.064771154405,1745109,1074389,1078517,1744007,5642022,38.1584120019383
"Fischerella_sp._NIES-3754",5055,37.5432024263622,23.560946898742,47.6768697548253,134.644880385869,214.549950888005,106.026256043967,1635960,1011894,1010325,1636176,5294355,38.1957575568695
"Geitlerinema_sp._PCC_7407",11982,125.968411265024,191.036458796172,432.278959205296,95.1190848536713,62.7210118712694,27.7182123831051,1043086,721395,723677,1036150,3524308,41.0029997378209
"Geminocystis_sp._NIES-3708",952,8.20389150703077,6.13316573021076,7.77758248862531,116.042490223589,155.221632983214,122.403073370459,1723733,1192344,1195399,1715387,5826863,40.978190151373
"Geminocystis_sp._NIES-3709",813,10.5802082570143,7.93960424838944,11.2004825880273,76.841587637087,102.39805090599,72.5861581061739,970579,1365855,1370867,973810,4681111,58.4630870748418
"Gloeobacter_kilaueensis_JS1",482,141.462655649637,242.232502937926,547.788500937632,3.40725966006024,1.98982380214895,0.879901639364419,1366674,654553,650607,1370244,4042078,32.2893323681532
"Gloeobacter_violaceus_PCC_7421",318,149.254043018074,258.134237336854,533.620214748933,2.13059555084543,1.23191717333112,0.595929447968192,1476253,738632,737828,1473346,4426059,33.3583442968112
"Gloeocapsa_sp._PCC_7428",7826,48.9990446831772,90.3481636635976,214.134525040563,159.717399606505,86.6204655707152,36.5471191463288,931715,1431757,1428481,932838,4724791,60.5368152792367
"Gloeothece_citriformis_PCC_7424",2485,31.5726020406012,25.1871671803017,31.5694042948271,78.7074817845035,98.6613533078648,78.7154542668132,887941,1444547,1443945,882586,4659019,61.9978583474332
"Gloeothece_verrucosa_PCC_7822",868,44.6227100685781,40.0550770355219,48.8812526103563,19.4519785702397,21.6701617932287,17.7573190875248,1669666,1275272,1275564,1662208,5882710,43.3615799520969
"Halomicronema_hongdechloris_C2206",2720,119.163404266805,100.916352175934,150.556455701466,22.8257997221192,26.9530154563857,18.066312648814,2007565,1261085,1262913,2022606,6554169,38.5098095578555
"Halothece_sp._PCC_7418",2965,33.2564866641495,32.5672035951358,66.1935789997193,89.1555391867737,91.0425112594823,44.7928642748351,2358436,1565567,1563042,2354903,7841948,39.8958141522999
"Kovacikia_sp._CCNU0001",6429,123.959339897547,93.6806656795935,176.513557461714,51.8637805373409,68.6267540197511,36.4221314920495,1265160,1516587,1530235,1265863,5577845,54.6236404919821
"Leptolyngbya_boryana_IAM_M-101",6845,80.5207833061896,200.887071013435,358.558264463074,85.0091084431096,34.0738702867653,19.090342291371,1199645,896769,897037,1185719,4179170,42.9225420358588
"Leptolyngbya_boryana_NIES-2135",7159,85.7636680218896,211.546229436972,377.249235394818,83.4735752926612,33.8413027689201,18.9768442936872,2171942,2115474,2110897,2166023,8564336,49.3484959020758
"Leptolyngbya_boryana_dg5",6845,80.5208527166159,200.888285368726,358.566161318763,85.0090351637259,34.0736643126609,19.0899218566106,1804849,1602506,1595623,1800491,6803469,47.0073281733186
"Leptolyngbya_sp._BL0902",22,121.158416047552,81.767768025219,158.850809234201,0.181580452416657,0.269054671924207,0.138494730408105,1804851,1602507,1595621,1800489,6803468,47.0073203842511
"Leptolyngbya_sp._NIES-3755",6184,77.8364032853068,214.448975500406,399.736539516668,79.4486864627179,28.8366964009501,15.4701894589802,1913534,1697127,1704649,1918358,7233668,47.0269854795658
"Leptolyngbya_sp._O-77",10661,127.245403467017,198.952979324107,405.718982227138,83.7829871219155,53.5855257670333,26.2768084980346,995278,1355830,1359712,999389,4710209,57.6522612903164
"Leptolyngbya_sp._PCC_7376",6476,44.9541974614987,60.2120155079795,103.852296325611,144.057738002028,107.553283931208,62.3577930303595,1802088,1575323,1582407,1801838,6761657,46.7005350907329
"Leptolyngbya_sp._PKUAC-SCTE412",6562,104.484939929807,61.7273815877167,92.6069966603361,62.803309303794,106.306145363953,70.8585769611782,1208262,1533781,1531181,1207037,5480261,55.9272998129104
"Microcystis_aeruginosa",1735,42.2610900043779,41.3498220344096,75.3348867543248,41.0543126033964,41.9590681322934,23.0304985478776,1447674,1129381,1119238,1429657,5125950,43.8673611720754
"Microcystis_aeruginosa_FD4",1890,42.1326893827411,40.7954275101334,76.4839377391495,44.8582805344063,46.3287215100401,24.7110707930062,1579487,1635410,1629490,1581674,6426061,50.8071740993433
"Microcystis_aeruginosa_NIES-2481",1484,35.1416736895382,36.5944071692295,69.2285162731166,42.2290643613196,40.5526449202277,21.436253149575,1581960,1173676,1169145,1576324,5501105,42.5881891001899
"Microcystis_aeruginosa_NIES-2549",1443,34.2136897429368,35.5552236719608,67.6614311847336,42.1761000009622,40.5847538272686,21.3267732404334,1582319,1170916,1167679,1572198,5493112,42.573226251349
"Microcystis_aeruginosa_NIES-298",1700,38.3853863904615,38.4717440405748,72.6570192044806,44.287687577438,44.1882748597794,23.3976017542867,1271658,953186,950459,1265242,4440545,42.8696252374427
"Microcystis_aeruginosa_NIES-843",1821,43.6714914759955,41.1997662806624,73.6377917776363,41.6976828236089,44.1992798598643,24.7291500198548,1230086,923544,922462,1225108,4301200,42.9183948665489
"Microcystis_aeruginosa_PCC_7806SL",1638,37.4185848286565,36.965682504266,67.5955878983937,43.7750387274283,44.3113690599644,24.2323508223963,1444948,1069456,1064637,1436040,5015081,42.5535101028279
"Microcystis_panniformis_FACHB-1757",1758,42.6146996194005,40.2581598437907,73.5140589114461,41.2533706843182,43.6681658282787,23.9137931714213,1686154,1237551,1235741,1683349,5842795,42.3306311448545
"Microcystis_sp._MC19",1638,38.8226407763096,37.9188640069889,70.1148873505955,42.1918748247425,43.1974966259036,23.361657729114,1487367,1080922,1082051,1488999,5139339,42.0865990743168
"Microcystis_viridis_NIES-102",1780,44.1806205333217,41.5844095569268,74.0921572758259,40.2891579727247,42.8045033935922,24.0241351506816,1641384,1206395,1202244,1636816,5686839,42.3546191478254
"Moorea_producens_PAL-8-15-08-1",4292,82.1476977399456,36.5056497857478,62.3712723725877,52.2473558977533,117.570842463833,68.8137316545485,1438559,1069973,1071183,1440528,5020243,42.6504454067263
"Nodularia_spumigena_UHCC_0039",4089,35.7116609100429,23.8619285801976,40.8514997217763,114.500415152914,171.360834739626,100.094244467121,1694407,1245525,1244482,1689783,5874197,42.388891622123
"Nostoc_azollae_0708",1117,25.9870712425574,10.3051213999935,14.5453521722915,42.9829121402014,108.392706562458,76.7942904901162,2737199,2113847,2110948,2746312,9708656,43.5157554248497
"Nostoc_edaphicum_CCNP1411",7204,57.3617587763518,44.0627215748701,80.8631840130779,125.588896743695,163.494213305894,89.0887501886508,1581690,1110457,1110603,1583862,5386612,41.2329679583382
"Nostoc_flagelliforme_CCNUN1",8104,72.7602308324508,58.8189321406234,102.094832178506,111.379525700812,137.778767908011,79.3771812644803,1691228,1051384,1053851,1689682,5486145,38.3736667550712
"Nostoc_punctiforme_PCC_73102",7548,60.8773791986442,49.9494644603654,91.1691877193155,123.986940623227,151.112731268406,82.7911292051673,2428205,1727952,1730847,2429312,8316316,41.5905191673813
"Nostoc_sp._ATCC_53789",7215,58.5211531733852,46.5132024282012,84.9366041235259,123.288753019332,155.117248938884,84.9457083250822,2972783,2139123,2144673,2974654,10231233,41.8697922332528
"Nostoc_sp._C052",8611,67.4681633158736,55.7366119510549,104.580084726928,127.63056791223,154.494500088411,82.3388126189075,2658118,1873338,1873047,2654688,9059191,41.354520508509
"Nostoc_sp._C057",7634,62.7004759343993,50.3498063207512,92.015674976179,121.753461775746,151.619252542263,82.9641254272849,2530171,1794144,1789501,2539914,8653730,41.4115647241132
"Nostoc_sp._CENA543",5918,45.7289021405138,29.8198758016967,53.6287895005775,129.41487162354,198.458237698739,110.351176208001,2895458,2047979,2052135,2884259,9879831,41.4998394203302
"Nostoc_sp._HK-01",6537,45.5974738083441,36.8305095489887,69.0916445179872,143.363205327479,177.488720086945,94.6134665863709,2697407,1914903,1912587,2709551,9234448,41.4479566076933
"Nostoc_sp._Lobaria_pulmonaria_5183_cyanobiont",6658,50.7435828512078,42.7632779523854,82.0896654844437,131.20870907998,155.694332118631,81.106433565157,2131734,1471824,1471875,2132207,7207640,40.8413711006654
"Nostoc_sp._MS1",6414,48.4152722062952,32.6337403218257,58.6282037026095,132.478858585577,196.545046223533,109.401270974204,2244301,1524781,1519039,2239576,7527697,40.434943117397
"Nostoc_sp._NIES-3756",5717,43.0246478543092,27.9524606489712,49.7304541823987,132.877322305089,204.525822316484,114.959738333205,2146883,1528860,1525385,2138779,7339908,41.6114888633481
"Nostoc_sp._PCC_7107",5809,38.0030658240889,31.3819952664537,61.3383768278399,152.856088687399,185.106139704559,94.7041689137664,2348344,1604127,1598655,2350022,7901148,40.535653806257
"Nostoc_sp._PCC_7120_FACHB-418",5695,48.000820549095,31.1014596907124,55.7937701074227,118.643805144439,183.110376703658,102.072327950506,2076063,1418054,1417353,2076101,6987571,40.5778631802095
"Nostoc_sp._PCC_7524",5622,46.0408719744985,26.7279767903399,48.124381645155,122.108894964326,210.34139785814,116.822280262296,1884265,1275594,1278982,1890982,6329823,40.3577793565476
"Nostoc_sp._Peltigera_membranacea_cyanobiont_N6",8026,60.0123842696418,50.3000138962089,97.1425352703613,133.739062323176,159.562580172665,82.620861990708,2118832,1487984,1488201,2116772,7211789,41.2683316164685
"Nostoc_sp._TCL240-02",6716,52.6024252541906,42.2817047081863,79.0787211589402,127.674721603544,158.839385648036,84.9280299627193,1965913,1395516,1394901,1962539,6718869,41.5310523244314
"Nostoc_sp._TCL26-01",6202,48.0164180073773,30.5212281071047,55.7042827331306,129.164153791045,203.202832410152,111.337938407944,2606437,1839855,1842985,2609313,8898590,41.386781501339
"Nostoc_sp._UHCC_0702",7051,59.4599739719753,38.0778631058232,71.4946708236496,118.583973873303,185.173206290604,98.6227353559283,2316981,1625830,1630537,2313899,7887247,41.2864843715431
"Nostoc_sphaeroides",6158,46.1898690053231,37.5384882151573,69.6733790697158,133.31927828785,164.044965388711,88.3838286907005,2177561,1515408,1517652,2177055,7387676,41.0556716347604
"Nostoc_sphaeroides_CCNUC1",8206,63.85148628541,51.776427718051,94.1959199336206,128.516977088364,158.489111004062,87.1162997907205,2506095,1787666,1786884,2506759,8587404,41.6255017232216
"Nostocales_cyanobacterium_HT-58-2",4082,60.5726808682715,39.4151477017808,56.3234175531676,67.3901161627169,103.564244662607,72.474295370069,1955963,1389673,1391545,1947309,6684490,41.6070335956819
"Oscillatoria_acuminata_PCC_6304",10101,97.4674811898247,85.2541895351602,138.513808486809,103.634564848635,118.480980877007,72.9241373863601,2789938,1969009,1965132,2792309,9516388,41.3406956504926
"Oscillatoria_nigro-viridis_PCC_7112",5209,87.4845846846426,130.622754419534,222.374525260172,59.5419183708419,39.8781975096755,23.4244457358846,2264570,1684049,1678829,2272120,7899568,42.570403849932
"Oxynema_aestuarii_AP17",15499,108.599859507232,295.838374212564,631.913854415324,142.716575051995,52.3900932096921,24.527077372501,2038820,1857369,1858418,2049663,7804270,47.6122302278112
"Parasynechococcus_marenigrum_WH_8102",157,68.8969302548364,83.8630269911742,131.209930433281,2.27876625880554,1.87210032397856,1.19655577502065,2250195,1890595,1896813,2234651,8272254,45.7844742194812
"Phormidium_sp._ETS-05",2369,92.24950949224,72.6228060343988,118.097758690183,25.680353348646,32.620606795032,20.0596524970031,1537227,1634511,1636712,1549300,6357750,51.4525264441037
"Phormidium_sp._PBR-2020",6630,87.0188744779067,74.4657972875028,113.547968419192,76.1903672022706,89.0341638914095,58.3894198399362,491716,722963,723394,496355,2434428,59.4126012352799
"Planktothrix_agardhii_NIES-204",2482,28.057135568972,19.9752335275923,26.8810563528147,88.4623447713891,124.253866497808,92.3326809565694,1585611,1556273,1556683,1588215,6286783,49.5158811748393
"Pleurocapsa_sp._PCC_7327",6174,49.8534652547273,110.063447245477,195.178528172631,123.842945890598,56.0949175635937,31.6325779162514,1212204,1293056,1292047,1202747,5000054,51.7015016237825
"Prochlorococcus_marinus_str._AS9601",2,2.9049178480672,1.13155023913582,1.6363327996936,0.688487628430082,1.76748670171943,1.22224525498389,1529744,1008017,1007107,1539266,5084134,39.6355406840182
"Prochlorococcus_marinus_str._MIT_9215",4,2.93896801617943,1.16606618293674,1.6871931043975,1.36102195667984,3.43033702420388,2.37080153396455,1368246,1126953,1126756,1364862,4986817,45.1933367516795
"Prochlorococcus_marinus_str._MIT_9301",2,2.86473941694026,1.10386854356709,1.56957480955471,0.698143778164695,1.81180994028249,1.27423043987779,572319,260820,262214,574533,1669886,31.3215393146598
"Prochlorococcus_marinus_str._MIT_9303",104,40.953723793647,36.8310949501301,63.1280228780102,2.53945161431531,2.82370100972609,1.6474458609447,595737,271301,270246,601506,1738790,31.1450491433698
"Prochlorococcus_marinus_str._MIT_9312",2,2.92010401283306,1.06673258076795,1.52588172094393,0.684907109887369,1.87488414252819,1.31071758220078,561307,257365,257198,566009,1641879,31.3398855823115
"Prochlorococcus_marinus_str._MIT_9313",94,38.806496930614,34.8915289040657,61.9689390975809,2.42227481053165,2.69406365821495,1.51688896677706,663243,669417,672124,677891,2682675,50.0075857120225
"Prochlorococcus_marinus_str._MIT_9515",2,2.71861919109932,1.08949379699078,1.44647450226463,0.735667579537415,1.83571490312664,1.38267214310986,586668,266827,266624,589085,1709204,31.2104933056557
"Prochlorococcus_marinus_str._NATL1A",3,5.64065196501334,2.73082204872707,3.50104622205743,0.531853413152907,1.09857030098259,0.856886716061983,618261,631490,591781,569340,2410873,50.7397527783504
"Prochlorococcus_marinus_str._NATL2A",4,5.68833800953126,2.75832027080066,3.59145714616296,0.70319309318428,1.45015792485871,1.11375406616602,589933,263453,261334,589456,1704176,30.7941785355503
"Prochlorococcus_marinus_subsp._marinus_str._CCMP1375",3,6.47171514682762,2.87257300967298,3.52409190274094,0.463555631225607,1.04435987872125,0.851283134150583,606488,325004,327266,605973,1864731,34.9793080074284
"Prochlorococcus_marinus_subsp._pastoris_str._CCMP1986",1,2.64713227775907,0.995240534269991,1.3033104427609,0.377767294971201,1.0047822265735,0.767276902870222,599176,322987,324295,596441,1842899,35.1230317016831
"Prochlorococcus_sp._MIT_0604",2,3.02281673478843,1.14549535455012,1.65754582941819,0.661634553290239,1.74596954239547,1.20660313850991,558121,318600,319531,554828,1751080,36.4421385659136
"Prochlorococcus_sp._MIT_0801",4,5.77863030332488,2.75242503518802,3.48977781328821,0.692205555648455,1.45326392140114,1.14620477692562,571468,256162,254485,575875,1657990,30.7991604291944
"Pseudanabaena_sp._ABRG5-3",8827,41.6623888515234,61.4809456112954,167.795127463262,211.86975215122,143.572938123097,52.6058183777276,611804,276955,277952,613350,1780061,31.1734822570687
"Pseudanabaena_sp._PCC_7367",5962,53.8344974849978,72.7315826352285,255.713694092911,110.746831093974,81.9726422000369,23.3151377408586,628417,336389,337084,627313,1929203,34.9093900434532
"Richelia_sinica_FACHB-800",3470,31.980140038277,14.7840294024984,22.9830079831086,108.504840686963,234.712736665256,150.981107544769,1633547,1195328,1191848,1637249,5657972,42.1913717494537
"Rippkaea_orientalis_PCC_8801",2995,26.8054584929223,19.4059389154958,29.9825436789471,111.730974524864,154.334197022978,99.8914579119918,1314560,1130783,1127570,1312767,4885680,46.2239237936173
"Rivularia_sp._PCC_7116",2237,37.1891056690557,43.4123868122958,53.1258569363097,60.1520246253559,51.5290718677188,42.1075560754125,1727184,1136223,1140209,1725871,5729487,39.7318643012891
"Stanieria_cyanosphaera_PCC_7437",4535,19.9023697243338,19.0728253711891,39.4700717291793,227.862313021712,237.772847585049,114.897181619444,1441767,952377,951107,1442443,4787694,39.7578458439491
"Stanieria_sp._NIES-3757",4551,20.3641470439005,20.4718558581945,41.566670581995,223.481002675391,222.305199466238,109.486757930795,2727467,1639774,1636276,2725256,8728773,37.5316209964448
"Synechococcus_elongatus_PCC_6301",7356,60.8929586565357,104.032107363714,276.237188392858,120.802144653395,70.7089396380504,26.6292892814217,1767264,1002535,1006040,1769151,5544990,36.2232393566084
"Synechococcus_elongatus_UTEX_3055",7692,63.588036853082,106.981167441794,280.356467483664,120.966149934336,71.900505331324,27.4364992148726,1733122,998867,995572,1735747,5463308,36.5060692166724
"Synechococcus_lividus_PCC_6715",3482,52.7314299075053,36.5414488322422,78.3777672964121,66.0327248115153,95.2890515093007,44.4258636104246,599382,748052,747947,600874,2696255,55.484329189932
"Synechococcus_sp._A15-127",270,76.4452237691216,125.115243713961,165.819342502953,3.53194073727155,2.15801042291278,1.62827807615503,645838,795825,792393,647167,2881223,55.1230501769561
"Synechococcus_sp._A15-24",162,66.0086503858921,81.2567445909325,125.81516120308,2.45422378813889,1.99368065771709,1.28760316682752,618651,712290,711064,617734,2659739,53.5147997604276
"Synechococcus_sp._A15-28",148,68.7136570822802,86.0265280907512,129.739005671784,2.15386585846798,1.72039954749623,1.14075176723963,495399,770716,771095,506253,2543463,60.6185739678541
"Synechococcus_sp._A15-44",199,79.4575833337284,97.8360257674339,171.342825669057,2.50448090227189,2.03401557288358,1.16141425369255,463389,688868,686041,467075,2305373,59.6393295141394
"Synechococcus_sp._A15-60",208,67.5394715461861,94.1506419621482,155.812163568388,3.07968059622382,2.20922550993994,1.33494070832735,464888,705463,702476,468759,2341586,60.1275801956452
"Synechococcus_sp._A15-62",145,66.6032641929496,80.5268568874046,133.354247988805,2.17707047480338,1.80064149533048,1.08732944159509,514199,797848,796000,513918,2621965,60.7883019033435
"Synechococcus_sp._A18-25c",209,66.4462737573103,92.2667494416586,152.649879261187,3.14539835240958,2.2651713782564,1.36914618610603,529242,739163,741631,533366,2543402,58.2209969167281
"Synechococcus_sp._A18-46.1",166,69.577290812872,85.0266728998504,133.495481969804,2.38583592520808,1.95232853807563,1.24348777614473,459922,686884,687587,459747,2294140,59.912254701108
"Synechococcus_sp._BIOS-U3-1",157,59.2616262764514,73.1499180570462,110.586661518221,2.64926917914142,2.14627718212292,1.41970105476176,525081,729280,731197,525802,2511360,58.1548244775739
"Synechococcus_sp._BMK-MC-1",280,77.2025018073449,105.252118999852,191.314143777751,3.62682547126162,2.66027898213045,1.46356142034786,501122,732542,733425,504681,2471770,59.3083903437618
"Synechococcus_sp._CB0101",403,97.2286236630926,128.301997313762,333.871832705441,4.14486994484708,3.14102670603377,1.20705001297773,611192,744294,746002,609346,2710834,54.9755536488033
"Synechococcus_sp._CBW1002",531,137.30019500673,188.324213227147,363.275003758243,3.86743806135143,2.81960556691419,1.46170255180391,513644,784619,785375,517512,2601150,60.3576879457163
"Synechococcus_sp._CBW1004",607,141.497735322887,251.980565323706,469.112715904583,4.28982130784546,2.40891593849795,1.29393209653149,508762,899563,887458,493841,2789647,64.0590368602192
"Synechococcus_sp._CBW1006",525,137.172180091292,187.311307681397,362.305384068607,3.82730667144457,2.80282064387158,1.44905381781626,681942,1244917,1246276,680987,3854122,64.6371080105923
"Synechococcus_sp._CBW1107",378,120.518020693516,156.740509105155,292.395468407197,3.13646040504826,2.4116292728538,1.29276969324842,595492,1224725,1237823,614278,3672318,67.0570468025917
"Synechococcus_sp._CBW1108",305,110.90897302066,102.515247263101,239.617769730404,2.75000292305642,2.97516718871323,1.2728605242556,683558,1244386,1248053,684133,3860130,64.5687839528721
"Synechococcus_sp._CC9311",165,47.9228397101733,56.226838432772,91.201538604584,3.44303469906799,2.93454166371605,1.80918000424728,537927,1061651,1060216,542299,3202093,66.2650022969352
"Synechococcus_sp._CC9902",144,46.3109359509941,60.1431011208052,100.236149652293,3.109416750989,2.39428957463895,1.4366074564867,589878,1027471,1027415,581456,3226220,63.6933005188735
"Synechococcus_sp._JA-2-3B'a(2-13)",57,81.9286686551049,49.5504907845731,96.6616471791172,0.69572716041503,1.15034178466192,0.589685792280956,618673,684843,682327,620905,2606748,52.4473405177639
"Synechococcus_sp._JA-3-3Ab",67,86.5326616700977,56.1643851028968,120.562252187005,0.774274114616222,1.19292679653221,0.555729498948607,510200,606381,604102,514145,2234828,54.164481561892
"Synechococcus_sp._KORDI-100",209,71.1084357186247,104.895622760642,145.871358177549,2.93917307964713,1.99245682993762,1.43276927431918,634896,891491,889305,630988,3046682,58.4503404031008
"Synechococcus_sp._KORDI-49",282,80.5118978348313,133.490707739618,179.680135795933,3.50258791040447,2.11250659147046,1.56945562597011,583006,882286,884334,583140,2932766,60.2373322658541
"Synechococcus_sp._KORDI-52",170,71.5595470024116,86.1330326037031,136.16797305287,2.37564388151131,1.97369110155645,1.24845803450415,588881,800083,803539,596497,2789000,57.4980996773037
"Synechococcus_sp._LTW-R",253,79.2929817299361,98.093414480627,171.656904187684,3.19069852690989,2.57917416107446,1.47387022501221,495468,795592,791264,503489,2585813,61.3677787218179
"Synechococcus_sp._M16.1",159,65.7496287360172,79.5680315423843,141.251469192096,2.41826460554447,1.9982899779958,1.12565200850241,528371,760568,759146,523984,2572069,59.0852733733037
"Synechococcus_sp._MEDNS5",210,67.7762861205617,89.0771802800023,146.310323409562,3.09842884613725,2.35750614624186,1.43530541868979,452903,751571,759651,451408,2415533,62.5626725033357
"Synechococcus_sp._MIT_S9220",166,57.8328491696232,76.1623912164078,116.029722886606,2.8703410325354,2.1795534167031,1.43066790017442,408113,646320,649764,408039,2112236,61.360757036619
"Synechococcus_sp._MVIR-18-1",171,48.3282274876672,59.1308068047662,99.5016849525322,3.53830481458558,2.89189357020944,1.71856386232632,496319,720638,718644,500268,2435869,59.0870034472297
"Synechococcus_sp._Minos11",198,68.1435457128295,72.9650003826463,168.783805794524,2.90563101653694,2.71362980828671,1.17309832580173,451372,692085,689060,451826,2284343,60.4613667912393
"Synechococcus_sp._NIES-970",5402,45.4938583915018,40.1945056726127,87.0787482650869,118.741302474557,134.396478065925,62.0358021632915,528225,682923,683579,529448,2424175,56.3697752843751
"Synechococcus_sp._NOUM97013",250,70.0214550132936,99.3726215368334,163.588614737724,3.57033426329883,2.51578348375699,1.52822371166121,562474,651321,658883,579296,2451974,53.4346612158204
"Synechococcus_sp._PCC_6312",45,50.1837625586753,25.9905618490796,30.9918108716104,0.896704386152505,1.73139773819832,1.45199647050059,794091,771315,772620,785833,3123859,49.4239656783485
"Synechococcus_sp._PCC_7002",5586,48.7032666535918,44.240018262565,90.4054759416907,114.694565350845,126.265770661464,61.7882925985903,525575,749993,751456,525688,2552712,58.817798482555
"Synechococcus_sp._PCC_7003",5408,48.0713429671889,43.1335875913852,86.3528119897216,112.4994573938,125.377931722983,62.6267966889567,954376,898021,906596,961506,3720499,48.5047032669542
"Synechococcus_sp._PCC_7117",5578,48.774270917074,44.0411796886693,89.8644541650011,114.363575203076,126.654191359799,62.0712611213125,865799,838600,838646,866890,3409935,49.1870372895671
"Synechococcus_sp._PCC_73109",5492,47.7296016062769,43.2802221740594,88.3291699643316,115.064861536111,126.893988157291,62.1765154389851,848666,824647,823192,848580,3345085,49.2614985867325
"Synechococcus_sp._PCC_7502",4848,22.1750186330876,16.7002528020479,37.235654840784,218.624393522098,290.295006756156,130.197790819836,874421,843306,842760,871614,3432101,49.1263514680949
"Synechococcus_sp._PCC_8807",5491,47.9100322857075,43.4774332052095,90.2269793032063,114.610651215071,126.2954041947,60.8576286428429,835724,813227,814492,835233,3298676,49.3446158398097
"Synechococcus_sp._PROS-7-1",232,72.0552661162448,95.6959223943123,162.9851133735,3.21975078998002,2.42434572127379,1.42344288504647,1063040,729573,726181,1064941,3583735,40.6211396769013
"Synechococcus_sp._PROS-9-1",162,46.2439480705568,56.1549634761638,95.1915324291991,3.50316110019041,2.88487410500702,1.70183204184144,836277,814829,816420,836562,3304088,49.3706281430761
"Synechococcus_sp._PROS-U-1",154,69.0099295407528,85.872121296972,133.628469475613,2.23156292181196,1.79336433843786,1.1524490297938,522188,760908,759435,522687,2565218,59.2675944110793
"Synechococcus_sp._RCC307",189,67.6020928569891,72.4458020613994,172.237765013011,2.79577143269552,2.60884681544168,1.0973203233665,517837,611575,613811,530717,2273940,53.8882292408771
"Synechococcus_sp._ROS8604",239,58.8070040750748,72.5571222341971,118.688473383798,4.06414174228099,3.29395643929434,2.0136749019187,534992,753790,750110,537111,2576003,58.3811431896624
"Synechococcus_sp._RS9902",170,71.5228487410453,86.1465032471143,143.049944217841,2.37686282065609,1.97338247743323,1.1883961292646,436514,677506,676209,434684,2224914,60.8434752983711
"Synechococcus_sp._RS9907",188,76.6291542630669,92.8638377338929,160.046932708555,2.45337433001803,2.02446942305708,1.17465543899143,656964,771922,780563,667455,2876904,53.9637401873681
"Synechococcus_sp._RS9909",436,92.0642954126521,141.965070276182,306.449722239609,4.73582074403279,3.07117799576893,1.42274561978261,494100,739112,744000,504005,2481217,59.773570792075
"Synechococcus_sp._RSCCF101",389,117.984465152096,213.573317231948,319.777933571387,3.29704422949692,1.82138857532251,1.21646917801837,513389,779536,778718,509992,2581635,60.3591909778106
"Synechococcus_sp._SYN20",187,53.7488541800537,65.4413939421492,109.126883475703,3.47914393437239,2.85751859389349,1.71360158050913,463650,835134,842346,462039,2603169,64.4399191908017
"Synechococcus_sp._SynAce01",405,95.3771087370318,123.672645704613,272.025684100269,4.24630192048117,3.27477428571656,1.488830002724,477139,1013477,1015668,478569,2984853,67.9814047793978
"Synechococcus_sp._TAK9802",157,66.2854436892034,79.255830106396,136.407984480946,2.36854415180708,1.98092682631975,1.15095901898566,631062,727279,730418,639869,2728628,53.4223426571889
"Synechococcus_sp._UTEX_2973",7500,61.7945632697471,105.648383769082,279.530370748916,121.369900572981,70.9902010085918,26.8307160324155,499845,881077,877010,492702,2750634,63.9157008893222
"Synechococcus_sp._WH_7803",256,69.8330518612457,95.3378904895154,173.311640079351,3.66588589753542,2.68518632713143,1.47710794198699,433260,666933,663959,426242,2190394,60.7603928790893
"Synechococcus_sp._WH_8101",458,88.9381099855515,134.034576424051,283.597082789403,5.14964844737992,3.41702874153163,1.61496724682498,610686,760195,761306,612439,2744626,55.4356404114805
"Synechococcus_sp._WH_8103",156,68.9806895203824,84.8650290800661,132.723436898709,2.26150247387575,1.83821300353084,1.17537643422431,468383,713269,712506,472822,2366980,60.2360391722786
"Synechococcus_sp._WH_8109",138,61.835206250341,73.4069959032586,123.240241272053,2.23173833109417,1.87992981189241,1.11976411743113,481392,828172,833382,480077,2623023,63.3450030746966
"Synechocystis_sp._IPPAS_B-1465",3377,48.3111682373194,21.566375307148,25.9507220733914,69.9010213003157,156.586350367404,130.131253783594,490759,723028,721997,493904,2429688,59.4736855102383
"Synechocystis_sp._PCC_6714",3174,46.4276398779283,20.3618991402263,23.6522469933484,68.3644485988382,155.87936950977,134.194438308234,419815,633359,635368,422973,2111515,60.0860993173148
"Synechocystis_sp._PCC_6803",3159,45.0553007324288,19.5555721114835,23.6240217994307,70.1138367438815,161.539635966209,133.719822425669,1038590,934089,937599,1040715,3950993,47.3725972179652
"Synechocystis_sp._PCC_6803_substr._GT-I",3159,45.0696144467512,19.559071494595,23.6290932727515,70.0915692041761,161.510734334857,133.691122360708,985000,888450,889284,976155,3738889,47.547118943622
"Synechocystis_sp._PCC_6803_substr._PCC-N",3159,45.070399005274,19.5611179453831,23.6253896152257,70.0903490921023,161.493837357369,133.712080581484,931026,850661,853073,934436,3569196,47.7343917229539
"Synechocystis_sp._PCC_6803_substr._PCC-P",3159,45.0700689305947,19.5604024397521,23.626052460202,70.0908624050404,161.499744687259,133.708329198089,931251,850852,853305,934596,3570004,47.7354367109953
"Synechocystis_sp._PCC_7338",3111,48.3914501234292,21.2632459363705,25.6632775750773,64.288216039506,146.30880013849,121.22379890483,931268,850888,853312,934635,3570103,47.7353174404212
"Synechocystis_sp._PCC_7339",3121,48.3563249791921,21.3042599986779,25.5542387045844,64.5417119961655,146.496522300877,122.132380309968,931273,850889,853312,934640,3570114,47.7351983718167
"Thermoleptolyngbya_sichuanensis_PKUAC-SCTA183",10269,131.865270428078,195.287397118658,402.635200236125,77.8749398280792,52.5840384556945,25.5044764938032,1003500,916199,913444,999660,3832803,47.7364216214608
"Thermoleptolyngbya_sp._PKUAC-SCTB121",10278,130.697440338116,194.286841948439,398.050913375018,78.6396426235335,52.9011635421386,25.8208175252112,1014678,924218,921081,1016886,3876863,47.5977355918948
"Thermostichus_vulcanus_NIES-2134",3684,52.4090894680534,34.3473622291562,68.9185496879849,70.2931502415364,107.257144680321,53.4544040273421,1203706,1559993,1554876,1206525,5525100,56.3766990642703
"Thermosynechococcus_elongatus_PKUAC-SCTE542",3939,51.6857046864516,38.2072878486054,76.9551785644061,76.2106277527939,103.095514541836,51.1856391406244,1194410,1541055,1551932,1202985,5490383,56.3346309355832
"Thermosynechococcus_sp._CL-1",3880,52.3606987949996,39.5096921330139,80.8030296430646,74.1013792652159,98.2037518019005,48.0180015172615,591493,695043,691374,593361,2571271,53.9195207350762
"Thermosynechococcus_sp._TA-1",3903,52.9494244896788,40.8757338672947,82.8699988397387,73.7118493282357,95.4845242086981,47.0978647839487,617188,704415,707607,621084,2650294,53.2779382211936
"Thermosynechococcus_vestitus_BP-1",3681,52.8646484355059,34.8464672605712,69.1388745165977,69.6306531668467,105.634811485325,53.240669966595,615940,709339,706659,615885,2647823,53.4778193255365
"Tolypothrix_sp._PCC_7910",7726,54.0024171813454,43.0943062492016,85.0681109236759,143.067669990685,179.281224654664,90.8213420529798,614256,712402,712150,619909,2658717,53.5804299592623
"Trichormus_variabilis_0441",5723,47.9362849039972,31.1173060986152,55.3724236868941,119.387641563412,183.916949039965,103.354695694033,598906,698712,699842,596397,2593857,53.917929939854
"Trichormus_variabilis_ATCC_29413",5713,48.042919848588,31.1644534455653,55.3736802708344,118.914504322491,183.317830680998,103.171759075025,2602021,1777600,1778424,2603489,8761534,40.5867739599025
"cyanobacterium_endosymbiont_of_Epithemia_turgida_isolate_EtSB_Lake_Yunoko",103,6.73499247554652,3.93882461390893,4.73497299335862,15.2932613323583,26.1499330628438,21.7530279780835,2082473,1464722,1473182,2075635,7096012,41.4021847764632
"cyanobacterium_endosymbiont_of_Rhopalodia_gibberula",108,7.86312819898594,4.49683027521792,5.52732280448328,13.7349916301667,24.0169171149708,19.5392966577599,2089422,1470375,1472099,2073856,7105752,41.4097480463714
