species,accesion,GC,CG,GA,AT,TC,A,T,G,C,LEN,EXP,OBS
Calothrix_sp._336_3,NZ_CP011382,85115,77185,88215,89560,88252,89758,89760,89746,89748,6283267,361749852840.223,5430
Calothrix_sp._336_3,NZ_CP011383,1501,1414,1508,1527,1488,1537,1537,1537,1537,107561,125917726.850043,55
Calothrix_sp._336_3,NZ_CP011384,326,294,332,339,335,340,340,340,340,23766,5326808.75891879,25
Calothrix_sp._336_3,NZ_CP011385,71,66,77,79,79,80,80,79,79,5532,233880.18004176,0
Calothrix_sp._NIES-2098,NZ_AP018172,120532,109401,121028,123199,121164,123658,123656,123657,123656,8656060,760551532837.688,7541
Calothrix_sp._NIES-2098,NZ_AP018173,3067,2752,3114,3173,3105,3180,3180,3180,3180,222568,470393205.498906,113
Calothrix_sp._NIES-3974,NZ_AP018254,79884,77063,83931,85347,83847,85512,85513,85513,85510,5985875,348481273934.857,4725
Calothrix_sp._NIES-4071,NZ_AP018255,151743,141151,153004,157528,153094,158071,158069,158066,158065,11064963,1200898746983.47,100
Calothrix_sp._NIES-4071,NZ_AP018256,5370,4871,5467,5630,5453,5639,5640,5639,5639,394732,1409557684.14657,7
Calothrix_sp._NIES-4071,NZ_AP018257,4992,4604,5094,5208,5053,5228,5228,5228,5228,365907,1268960003.48346,1
Calothrix_sp._NIES-4071,NZ_AP018258,1436,1354,1468,1500,1459,1505,1505,1504,1505,105312,110211302.569186,1
Calothrix_sp._NIES-4071,NZ_AP018259,995,948,1007,1045,1019,1045,1045,1045,1045,73113,53559690.7293647,0
Calothrix_sp._NIES-4071,NZ_AP018260,253,232,256,263,259,264,264,264,264,18433,3269791.01137158,0
Calothrix_sp._NIES-4071,NZ_AP018261,177,107,178,195,191,196,196,196,196,13693,574040.027449677,0
Calothrix_sp._NIES-4071,NZ_AP018262,61,56,61,61,61,62,62,62,62,4312,200746.622835072,0
Calothrix_sp._NIES-4071,NZ_AP018263,121,103,120,126,122,126,126,126,126,8809,630252.97650858,0
Calothrix_sp._NIES-4101,AP018280,98741,90327,101187,103190,101253,103371,103368,103367,103365,7235916,498882041705.994,5096
Calothrix_sp._NIES-4101,AP018275,1254,1165,1281,1303,1278,1306,1306,1306,1306,91394,83848767.2858949,57
Calothrix_sp._NIES-4101,AP018276,769,739,774,785,768,787,787,787,787,55090,34936756.6648631,31
Calothrix_sp._NIES-4101,AP018277,1740,1600,1777,1808,1773,1809,1809,1809,1809,126615,159500775.385919,48
Calothrix_sp._NIES-4101,AP018278,995,884,1003,1027,1014,1037,1037,1037,1037,72581,47159429.7716993,23
Calothrix_sp._NIES-4101,AP018279,67,61,74,74,73,75,75,75,75,5239,196288.894904654,4
Calothrix_sp._PCC_6303,NC_019751,91803,83276,94727,96396,94849,96681,96679,96675,96675,6767834,419602681972.653,4155
Calothrix_sp._PCC_6303,NC_019727,1104,984,1128,1148,1126,1154,1154,1154,1154,80757,58833596.8144681,33
Calothrix_sp._PCC_6303,NC_019728,759,689,791,807,789,807,807,807,807,56464,28153059.9858772,17
Calothrix_sp._PCC_6303,NC_019752,769,722,774,788,768,791,791,791,791,55337,32617993.5246574,27
Calothrix_sp._PCC_7507,NC_019682,97182,88415,98458,99862,98484,100331,100331,100328,100329,7023215,492275802220.159,5692
Calothrix_sp._PCC_7716,NZ_AP025018,156031,144005,157780,162633,157664,163186,163185,163175,163177,11423121,1235851641765.14,56
Calothrix_sp._PCC_7716,NZ_AP025019,5233,4694,5307,5486,5294,5495,5495,5495,5495,384612,1299227526.25122,1
Calothrix_sp._PCC_7716,NZ_AP025020,2950,2641,3022,3110,3018,3120,3120,3120,3120,218359,407553407.844539,1
Calothrix_sp._PCC_7716,NZ_AP025021,1253,1130,1290,1336,1293,1338,1338,1338,1338,93644,72906211.7690599,0
Calothrix_sp._PCC_7716,NZ_AP025022,1092,1005,1123,1164,1143,1168,1168,1167,1168,81719,58013507.6076017,1
Calothrix_sp._PCC_7716,NZ_AP025023,804,735,798,837,822,838,838,838,838,58604,32441297.2817649,0
Calothrix_sp._PCC_7716,NZ_AP025024,534,497,556,566,541,567,567,567,567,39686,14320103.0903224,0
Calothrix_sp._PCC_7716,NZ_AP025025,496,453,503,514,494,516,516,516,515,36060,12363628.6982693,0
Calothrix_sp._PCC_7716,NZ_AP025026,228,213,226,234,231,235,235,235,235,16443,2811603.89500769,0
Calothrix_sp._PCC_7716,NZ_AP025027,203,191,206,212,205,212,212,212,212,14818,2195760.5042568,0
